,P.ID,L.ID,Name,Email,Library,L.E.ID
0,21,1,Henry parker,henry.parker@example.com,Library: Central library (ID: 1),1
1,22,2,Anna scott,anna.scott@example.com,Library: City library (ID: 2),1
2,23,3,George turner,george.turner@example.com,Library: Village library (ID: 3),1
3,24,4,Clara brooks,clara.brooks@example.com,Library: Coastal library (ID: 4),1
4,25,5,Ethan cole,ethan.cole@example.com,Library: Central library (ID: 1),2
5,26,6,Maya lopez,maya.lopez@example.com,Library: City library (ID: 2),2
6,27,7,Oliver hayes,oliver.hayes@example.com,Library: Village library (ID: 3),2
7,28,8,Sophia reed,sophia.reed@example.com,Library: Coastal library (ID: 4),2
8,29,9,Noah bennett,noah.bennett@example.com,Library: Central library (ID: 1),3
9,30,10,Ava johnson,ava.johnson@example.com,Library: City library (ID: 2),3
